CREATE DATABASE  IF NOT EXISTS `weatherstation` /*!40100 DEFAULT CHARACTER SET utf8mb4 COLLATE utf8mb4_general_ci */ /*!80016 DEFAULT ENCRYPTION='N' */;
USE `weatherstation`;
-- MySQL dump 10.13  Distrib 8.0.12, for macos10.13 (x86_64)
--
-- Host: 127.0.0.1    Database: weatherstation
-- ------------------------------------------------------
-- Server version	8.0.23

/*!40101 SET @OLD_CHARACTER_SET_CLIENT=@@CHARACTER_SET_CLIENT */;
/*!40101 SET @OLD_CHARACTER_SET_RESULTS=@@CHARACTER_SET_RESULTS */;
/*!40101 SET @OLD_COLLATION_CONNECTION=@@COLLATION_CONNECTION */;
 SET NAMES utf8 ;
/*!40103 SET @OLD_TIME_ZONE=@@TIME_ZONE */;
/*!40103 SET TIME_ZONE='+00:00' */;
/*!40014 SET @OLD_UNIQUE_CHECKS=@@UNIQUE_CHECKS, UNIQUE_CHECKS=0 */;
/*!40014 SET @OLD_FOREIGN_KEY_CHECKS=@@FOREIGN_KEY_CHECKS, FOREIGN_KEY_CHECKS=0 */;
/*!40101 SET @OLD_SQL_MODE=@@SQL_MODE, SQL_MODE='NO_AUTO_VALUE_ON_ZERO' */;
/*!40111 SET @OLD_SQL_NOTES=@@SQL_NOTES, SQL_NOTES=0 */;

--
-- Table structure for table `MESURES`
--

DROP TABLE IF EXISTS `MESURES`;
/*!40101 SET @saved_cs_client     = @@character_set_client */;
 SET character_set_client = utf8mb4 ;
CREATE TABLE `MESURES` (
  `MES_ID` int NOT NULL AUTO_INCREMENT,
  `MES_DATE` timestamp NOT NULL DEFAULT CURRENT_TIMESTAMP,
  `MES_TEMP` varchar(10) NOT NULL,
  `SON_ID` int NOT NULL,
  `MES_HUMI` varchar(10) NOT NULL,
  PRIMARY KEY (`MES_ID`),
  KEY `MESURES_SONDES_FK` (`SON_ID`),
  CONSTRAINT `MESURES_SONDES_FK` FOREIGN KEY (`SON_ID`) REFERENCES `SONDES` (`SON_ID`)
) ENGINE=InnoDB AUTO_INCREMENT=36 DEFAULT CHARSET=utf8mb4 COLLATE=utf8mb4_general_ci;
/*!40101 SET character_set_client = @saved_cs_client */;

--
-- Dumping data for table `MESURES`
--

LOCK TABLES `MESURES` WRITE;
/*!40000 ALTER TABLE `MESURES` DISABLE KEYS */;
INSERT INTO `MESURES` VALUES (12,'2022-02-03 12:46:43','23.6417',1,'40.3402'),(13,'2022-02-03 12:49:06','23.6868',1,'40.3066'),(14,'2022-02-03 12:50:17','23.646',1,'40.3966'),(15,'2022-02-03 12:51:27','27.003',1,'50.5086'),(16,'2022-02-03 12:52:38','24.1544',1,'40.4638'),(17,'2022-02-03 12:53:51','23.8305',1,'39.9892'),(18,'2022-02-03 12:54:44','23.8412',1,'40.4989'),(19,'2022-02-03 12:55:13','23.8884',1,'40.3539'),(20,'2022-02-03 12:57:24','23.9185',1,'40.0518'),(21,'2022-02-03 12:58:34','23.867',1,'40.0502'),(22,'2022-02-03 12:59:45','26.7435',1,'43.4209'),(23,'2022-02-03 13:00:55','24.1415',1,'39.8855'),(24,'2022-02-03 13:02:06','23.8863',1,'39.9389'),(25,'2022-02-03 13:03:16','23.8198',1,'39.7115'),(26,'2022-02-03 13:04:27','23.7554',1,'39.7161'),(27,'2022-02-03 13:05:38','24.6456',1,'56.0323'),(28,'2022-02-03 13:06:48','23.9721',1,'41.3945'),(29,'2022-02-03 13:07:58','23.7898',1,'39.5406'),(30,'2022-02-03 13:09:09','23.6332',1,'39.3438'),(31,'2022-02-03 13:10:19','23.5753',1,'39.3865'),(32,'2022-02-03 13:11:29','23.4659',1,'39.5314'),(33,'2022-02-03 13:12:39','23.4873',1,'39.8519'),(34,'2022-02-03 18:44:24','12',1,'56'),(35,'2022-02-03 18:45:17','12',1,'56');
/*!40000 ALTER TABLE `MESURES` ENABLE KEYS */;
UNLOCK TABLES;

--
-- Table structure for table `POSSEDE`
--

DROP TABLE IF EXISTS `POSSEDE`;
/*!40101 SET @saved_cs_client     = @@character_set_client */;
 SET character_set_client = utf8mb4 ;
CREATE TABLE `POSSEDE` (
  `SON_ID` int NOT NULL,
  `USE_ID` int NOT NULL,
  PRIMARY KEY (`SON_ID`,`USE_ID`),
  KEY `POSSEDE_USERS0_FK` (`USE_ID`),
  CONSTRAINT `POSSEDE_SONDES_FK` FOREIGN KEY (`SON_ID`) REFERENCES `SONDES` (`SON_ID`),
  CONSTRAINT `POSSEDE_USERS0_FK` FOREIGN KEY (`USE_ID`) REFERENCES `USERS` (`USE_ID`)
) ENGINE=InnoDB DEFAULT CHARSET=utf8mb4 COLLATE=utf8mb4_general_ci;
/*!40101 SET character_set_client = @saved_cs_client */;

--
-- Dumping data for table `POSSEDE`
--

LOCK TABLES `POSSEDE` WRITE;
/*!40000 ALTER TABLE `POSSEDE` DISABLE KEYS */;
INSERT INTO `POSSEDE` VALUES (1,1),(2,1),(3,1),(4,1),(5,1),(6,1),(7,1),(13,1),(9,2);
/*!40000 ALTER TABLE `POSSEDE` ENABLE KEYS */;
UNLOCK TABLES;

--
-- Table structure for table `SONDES`
--

DROP TABLE IF EXISTS `SONDES`;
/*!40101 SET @saved_cs_client     = @@character_set_client */;
 SET character_set_client = utf8mb4 ;
CREATE TABLE `SONDES` (
  `SON_ID` int NOT NULL AUTO_INCREMENT,
  `SON_STATUS` char(1) NOT NULL DEFAULT '1',
  `SON_LAST_MESURE` timestamp NULL DEFAULT NULL,
  `SON_LOCATION` varchar(50) NOT NULL,
  `SON_KEY` varchar(50) NOT NULL,
  PRIMARY KEY (`SON_ID`)
) ENGINE=InnoDB AUTO_INCREMENT=14 DEFAULT CHARSET=utf8mb4 COLLATE=utf8mb4_general_ci;
/*!40101 SET character_set_client = @saved_cs_client */;

--
-- Dumping data for table `SONDES`
--

LOCK TABLES `SONDES` WRITE;
/*!40000 ALTER TABLE `SONDES` DISABLE KEYS */;
INSERT INTO `SONDES` VALUES (1,'1','2022-02-03 18:45:17','gisors','aaKhgtNIs82iTELJ2wm11lhEYcAaqA1r2xxmnJSCEGgYm8LVHo'),(2,'0','2022-01-29 09:15:53','neaufles','39noO4DSkouzeKOuLiBIgYIyV1HeqPaUBdzYy3iEBlXFzsHZGQ'),(3,'0','2022-01-29 12:54:07','lyon','ZXedgkytPB5I3Ugd6s5IVXsU7xQTDencGyABddPuFJLlfjLpwD'),(4,'1','2022-01-29 12:57:36','reims','K7QE64nU2MEe96YYHcRrsuhjUOxjHhUo98h3ih9CGQ6M39YpbA'),(5,'1','2022-01-29 13:02:16','marseille','DNGCUxG2i9losXGiqtaVKC8HRyWfymGSULdIlK0pzbRSBvPkSk'),(6,'1','2022-01-29 13:08:29','lille','G5nC40OCdQitXMGRWW7UlTfpj8yUhZsBDBoVIWXivz5yu8fvDW'),(7,'1',NULL,'metz','AQaH4ZDmozGQ4C8z5UHraRCFlBAqfTf8MbUH38EqFUFjrxedIm'),(9,'1',NULL,'paris','bd8vWopsyqtPxiidBNVeMKxIkWnkU5lRy2467PFMiHIdYk49O4'),(13,'1',NULL,'pacopaco','Yttpu6vZNWOSw0RqcbCc2TYCPFnOMwwxcqm0QiD5FjTyjZK8Mc');
/*!40000 ALTER TABLE `SONDES` ENABLE KEYS */;
UNLOCK TABLES;

--
-- Table structure for table `USERS`
--

DROP TABLE IF EXISTS `USERS`;
/*!40101 SET @saved_cs_client     = @@character_set_client */;
 SET character_set_client = utf8mb4 ;
CREATE TABLE `USERS` (
  `USE_ID` int NOT NULL AUTO_INCREMENT,
  `USE_NOM` varchar(40) NOT NULL,
  `USE_PRENOM` varchar(40) NOT NULL,
  `USE_EMAIL` varchar(50) NOT NULL,
  `USE_PASS` varchar(100) NOT NULL,
  `USE_ADMIN` char(1) NOT NULL DEFAULT '0',
  PRIMARY KEY (`USE_ID`)
) ENGINE=InnoDB AUTO_INCREMENT=15 DEFAULT CHARSET=utf8mb4 COLLATE=utf8mb4_general_ci;
/*!40101 SET character_set_client = @saved_cs_client */;

--
-- Dumping data for table `USERS`
--

LOCK TABLES `USERS` WRITE;
/*!40000 ALTER TABLE `USERS` DISABLE KEYS */;
INSERT INTO `USERS` VALUES (1,'TRUVELOT','Théo','theotruvelott@gmail.com','$2b$12$panebl41k9RMKZrc4Doucuo11ktjjko.hH2mbneQ2ZloGOEfI4BgO','1'),(2,'TRUVELOT','Théo','theotruvelottT@gmail.com','$2b$12$panebl41k9RMKZrc4Doucuo11ktjjko.hH2mbneQ2ZloGOEfI4BgO','0'),(3,'Petel','Noah','noah.petel@gmail.com','$2b$12$Wr6onnjp/b8wyZGr0QopJe1WNcRB13v/HEPvX7cVCKkhqhR3nYObm','0');
/*!40000 ALTER TABLE `USERS` ENABLE KEYS */;
UNLOCK TABLES;
/*!40103 SET TIME_ZONE=@OLD_TIME_ZONE */;

/*!40101 SET SQL_MODE=@OLD_SQL_MODE */;
/*!40014 SET FOREIGN_KEY_CHECKS=@OLD_FOREIGN_KEY_CHECKS */;
/*!40014 SET UNIQUE_CHECKS=@OLD_UNIQUE_CHECKS */;
/*!40101 SET CHARACTER_SET_CLIENT=@OLD_CHARACTER_SET_CLIENT */;
/*!40101 SET CHARACTER_SET_RESULTS=@OLD_CHARACTER_SET_RESULTS */;
/*!40101 SET COLLATION_CONNECTION=@OLD_COLLATION_CONNECTION */;
/*!40111 SET SQL_NOTES=@OLD_SQL_NOTES */;

-- Dump completed on 2022-02-04  0:26:16
